N_x,V_dis_total,status
31,0.0009918661238195333,success
41,0.0012877298698238746,success
61,0.001867914244400856,success
71,0.001557817706449447,success
