N_x,V_dis_total,Vol_imbalance [%],status
51,0.0017140004340864647,7.623296525288703e-15,success
81,0.0016998748891905782,1.0164395367051604e-14,success
101,0.0016948030905479577,5.082197683525802e-15,success
151,0.0016883589918137265,7.623296525288703e-15,success
201,0.0016852510471974636,1.0164395367051604e-14,success
251,0.001683555197607734,7.623296525288703e-15,success
301,0.0016824736810144509,7.623296525288703e-15,success
351,0.0016653725917656697,1.7787691892340307e-14,success
